
Russia
Says
North
Korea
US
Russia
Says
North
Korea
US
San
Juan
Port
Alberta
Canada
Canada
Alberta
Canada
Canada
Calgary
Calgary
Canada
Canada
Alberta
Alberta
Alberta
Energy
East
Canada
Canada
Canada
Alberta
Canada
Quebec
Quebec
Calgary
Quebec
Alberta
Canada
Alberta
Alberta
Canada
Unow
Alberta
Canada
West
Canada
Turkey
Alberta
US
The
Hill
Canada
Alberta
US
Alberta
Quebec
Canada
Canada
Cuba
Canada
Calgary
Calgary
TEXAS
Ottawa
Canada
Quebec
Canada
Alberta
US
Canada
Ontario
Canada
Canada
Canada
Alberta
Saskatchewan
Alberta
British
Columbia
Canada
Alberta
Energy
East
Canada
Canada
Alberta
Biloxi
CANADA
CANADA
East
Coast
Canada
Energy
East
Canada
Canada
Manitoba
West
Canada
Canada
Unow
Alberta
Canada
Canada
Canada
Alberta
Canada
Alberta
Canada
Alberta
Saskatchewan
Alberta
Edmonton
Quebec
Canada
Alberta
Saskatchewan
Europe
Canada
Canada
Edmonton
Alberta
Quebec
Canada
Socialist
Village
Idiot
Trudeau
Canada
Canada
Canada
Canada
Alberta
Canada
Alberta
Canada
Ottawa
Canada
Canada
Alberta
Alberta
Canada
Canada
Alberta
Canada
Canada
Canada
Alberta
Alberta
Quebec
Canada
Eastern
Canada
Energy
East
Canada
Canada
Energy
East
Montreal
Ottawa
Ontario
Quebec
Quebec
Alberta
Saskatchewan
Canada
Manitoba
Hudson
Bay
....
Churchill
Canada
Ottawa
PRO
QUEBEC
Montreal
Alberta
Canada
Canada
Canada
Alberta
Alberta
Canada
Alberta
Canada
Montreal
Alberta
Ottawa
Alberta
Alberta
Manitoba
Canada
Venezuela
Alberta
Canada
United
States
Alberta
US
Somalia
ROC
Ottawa
Ottawa
Canada
Alberta
Quebec
Ottawa
Ottawa
ROC
Canada
east
-
west
&
amp
;
west
-
east
Ottawa
Alberta
Alberta
Canada
Alberta
Quebec
Alberta
Canada
Alberta
Quebec
Alberta
Quebec
Alberta
Alberta
Alberta
Alberta
Alberta
Canada
Montreal
New
Brunswick
Germany
Dusseldorf
Canada
Canada
Canada
US
Canada
TORONTO
CITY
Devided
Canada
Montreal
Barbados
Canada
Alberta
Quebec
Energy
East
Quebec
Canada
Devided
Canada
Eastern
Canada
Canada
Canada
Energy
East
Atlantic
Canada
Canada
Canada
Alberta
Alberta
New
Brunswick
Haggisman57
Republic
of
Western
Canada
Ottawa
Energy
East
Alberta
Canada
Panama
Canada
Canada
Alberta
Trans
Canada
Canada
Canada
Toronto
City
Hall
Alberta
Alberta
Canada
Alberta
Canada
Alberta
Canada
Alberta
Energy
East
Alberta
Atlantic
Cdn
Canada
Canada
Canada
Canada
Washingto
Las
Vegas
Shooting
Canada
Edmonton
States
Canada
Afghanistan
Canada
Canada
France
Canada
Canada
Sajjin
Canada
Canada
Edmonton
Somalia
Canada
Edmonton
Somalia
Edmonton
Somalia
America
Edmonton
Edmonton
Edmonton
San
Juan
Canada
Edmonton
Mexico
Saudi
Arabia
Vegas
Edmonton
Edmonton
Canada
Canada
Boston
Canada
Edmonton
Toronto
TORONTO
Canada
Las
Vegas
Canada
Las
Vegas
Canada
Canada
Canada
America
Canada
Canada
Canada
Alberta
Canada
Edmonton
Edmonton
Canada
Canada
Canada
America
Canada
Canada
France
Edmonton
Canada
Canada
Europe
US
Canada
Alberta
Canada
Edmonton
Edmonton
Edmonton
Canada
Canada
Canada
Canada
Canada
Canada
Edmonton
Regina
Edmonton
Edmonton
Canada
Toronto
Nathan
Phillips
Square
Canada
Edmonton
Canada
China
Canada
Canada
Germany
France
Canada
Canada
Canada
Canada
Canada
Canada
Canada
Edmonton
Canada
Canada
Edmonton
US
Edmonton
Canada
Edmonton
Edmonton
Canada
Canada
Edmonton
Canada
Edmonton
Ottawa
Quebec
Parliament
Hill
Parliament
Hill
Canada
Quebec
Alberta
Canada
China
Canada
Canada
Oakville
Ontario
Ottawa
Alberta
Saudi
Arabia
Oakville
Town
Hall
Somalia
Canada
Somalia
China
USA
China
Canada
Canada
Canada
Turkey
Throat
Uwill
US
USA
America
Turkey
CALIF
Dakotas
Russia
Moscow
Russia
Middle
East
Vegas
Las
Vegas
California
Las
Vegas
Canada
Las
Vegas
Vegas
Las
Vegas
California
Nambia
Canada
United
States
of
America
Canada
Japan
England
Spain
Australia
Sweden
Iceland
Italy
Israel
Las
Vegas
Las
Vegas
Las
Vegas
Las
Vegas
America
US
Normandy
Normandy
Chicago
Chicago
Las
Vegas
Puerto
Rico
Chicago
Dubai
Middle
East
Dubai
Bubai
Puerto
Rico
San
Juan
Middle
East
Middle
East
US
US
Puerto
Rico
Africa
Germany
South
Africa
Zimbabwe
Angola
Nepal
Charlottesville
North
Korea
OU
Oregon
Oklahoma
Oklahoma
Uganda
Uganda
Hollywood
Hollywood
Hometown
Florida
Orange
Bowl
Florida
US
Queens
NYC
USA
Turkey
Turkey
USA
Mexico
USA
Hollywood
USA
USA
Europe
USA
America
Spain
Spain
Spain
America
America
Little
Havana
Seattle
Syria
Chicago
Mexico
America
Spain
Africa
Sur
America
South
Africa
Rhodesia
South
Africa
South
Africa
Uganda
Kenya
Nigeria
Africa
USA
USSR
USA
Kurdistan
Israel
US
US
Russia
Iran
America
USA
Turkey
US
Isreal
Americas
China
United
States
Viet
Nam
Korea
Iraq
Afghanistan
America
Michigan
Michigan
Michigan
US
Yemen
America
West
Coast
CHINA
CHINA
Las
Vegas
Russia
Michigan
Wisconsin
San
Bernardino
US
Australia
Las
Vegas
Las
Vegas
Vietnam
America
Las
Vegas
Las
Vegas
Puerto
Rico
Oregon
Judea
Samaria
America
Las
Vegas
Flint
New
JFK
Texas
Florida
Texas
London
London
London
London
London
St
UK
UK
Stafford
County
Hospital
London
Mars
Earth
England
ROARS
Earth
UK
UK
UK
Scotland
BorisJohnson
England
Great
Britain
EU
UK
Africa
Catalonia
London
UK
UK
Manila
Manila
Bumzu
Manila
United
Statesis
New
York
Manila
Carats
Manila
MANILA
Yixing
MANILA
Manila
Manila
Asia
Manila
Manila
Manila
Asia
Arena
Manila
Manila
Manila
Manila
Manila
Manila
Manila
Korea
Manila
Manila
MANILA
Manila
Changwon
Palyeong
Dancing
Machine
Wonwoo
MOA
Pasay
City
Manila
MANILA
Manila
Manila
Manila
Manila
MANILA
Philippines
Carats
Philippines
Wannaone
Manila
US
Manila
US
Manila
MANILA
MANILA
Asia
Arena
MANILA
CITY
Japan
Korea
China
Asia
SINGAPORE
Ireland
Britain
IRELAND
Norman
UK
Brussels
UK
Britain
UK
EU
UK
UK
Europe
UK
America
London
Redwood
UK
Britain
Florida
Charlottesville
Oval
Office
Greater
Manchester
Brexit
Britain
China
Beijing
Scotland
UK
Catalonia
UK
Germany
Millennium
Dome
Spain
China
UK
US
Derbyshire
UK
Britain
Britain
Britain
Libya
China
China
Britain
Libya
UK
Crossrail
UK
UK
White
House
Americas
America
Stamford
Brexit
Britain
EU
Manchester
Waterloo
UK
London
UK
Northern
England
Glasgow
Puerto
Rico
UK
Las
Vegas
Catalonia
Baldrick
Venezuela
Catalonia
UK
Catalonia
Rome
Spain
Catalonia
Redwood
UK
Broken
Brexit
Britain
UK
Britain
Britain
UK
Scotland
Britain
Estonia
Scotland
UK
Ireland
EU
Port
Harcourt
Port
Harcourt
UK
UK
Nigeria
Russia
Nigeria
Russia
India
India
Ogun
Ogun
North
Korea
North
Korea
China
Boston
Hollywood
Americas
Mandalay
Bay
America
Italy
Venice
Alabama
White
House
North
Korea
Iran
Iran
North
Korea
Hollywood
America
Hollywood
Las
Vegas
Rosenberg
Texas
Hollywood
San
Juan
Puerto
Rico
Russia
London
West
Haiti
Chicago
Las
Vegas
Manchester
Las
Vegas
Las
Vegas
Las
Vegas
Canada
America
Canada
Europe
Canada
Canada
Edmonton
Canada
Canada
Haiti
San
Juan
San
Juan
Fla
Puerto
Rico
San
Juan
Puerto
Rico
San
Juan
US
Columbus
Paris
Lahore
The
Netherlands
US
Baumärkten
Todesfalls
Tel
Afa
Israel
Israel
Queenstown
New
Zealand
Airport
US
Arizona
Las
Vegas
Ideen
Istanbul
Paris
Hildesheim
Essen
Zeiten
Iran
Iran
Puerto
Rico
Fifth
Avenue
Russia
Kartoffeln
US
US
Europe
Australia
Suburbia
Russia
Michigan
Wisconsin
Australia
United
States
San
Juan
Puerto
Rico
US
America
Nevada
Marseille
Austria
EU
US
EU
US
America
China
Africa
Las
Vegas
Las
Vegas
Chicago
US
Las
Vegas
Iran
Antifa
Germany
Indiana
Las
Vegas
Spain
UK
Germany
India
China
Australia
Nevada
Nevada
Wisconsin
Nevada
Nevada
Nevada
Nevada
Las
Vegas
Spain
Las
Vegas
Hollywood
Japan
America
France
India
Rio
de
Janeiro
Kremlin
Puerto
Rico
Marseille
United
States
Mexico
Atheist
Republic
Barcelona
US
San
Juan
Puerto
Rico
US
Gujarat
Europe
India
Wolf
River
Scenic
Byway
California
Nashville
Las
Vegas
Investigation
Las
Vegas
Nashville
Milwaukee
Las
Vegas
Chicago
Tennessee
Tennessee
Nashville
Las
Vegas
Times
Square
Las
Vegas
Milwaukee
Las
Vegas
LV
Las
Vegas
Mandalay
Bay
Las
Vegas
Hawaii
Edmonton
Marseille
Israel
Fla
America
Oklahoma
Silicon
Valley
California
America
Columbus
US
Hollywood
US
Texas
Gilmer
TX
Los
Angeles
Hollywood
US
Iran
Hollywood
New
York
Seattle
Hollywood
Orlando
San
Bernardino
New
York
America
America
Iran
Israel
Israel
Michigan
California
Chicago
Canada
Venezuela
Hollywood
Wisconsin
Hollywood
US
Hungary
America
Hampton
Hollywood
Russia
Nevada
AZ
Las
Vegas
US
America
White
House
Russia
China
North
Carolina
Hollywood
Chicago
America
America
DC
LA
US
Edmonton
Israel
Israel
Iran
Iran
Iran
Philippines
UK
London
US
Iran
Iran
USA
Iran
Islamic
Republic
of
Iran
US
Las
Vegas
Afghanistan
US
US
France
Germany
NumbersUSA
America
America
America
SanBernardino
Chicago
Auschwitz
Clark
County
Las
Vegas
Aurora
America
Highland
Park
IL
Las
Vegas
LA
Las
Vegas
Las
Vegas
Paris
Las
Vegas
Orlando
US
Las
Vegas
USA
Puerto
Rico
California
US
Catalonia
Europe
Spain
San
Juan
Hawaii
Hawaii
Cleveland
Hollywood
UK
UK
Libya
Las
Vegas
London
Spandau
Ballet
Louisiana
America
Ukraine
Ukraine
Ukraine
Turkey
Kiev
Ukraine
Russia
Saudi
Arabia
Iran
USA
USA
US
Mideast
Russia
Says
North
Korea
US
Russia
Says
North
Korea
US
San
Juan
Port
Alberta
Canada
Canada
Alberta
Canada
Canada
Calgary
Calgary
Canada
Canada
Alberta
Alberta
Alberta
Energy
East
Canada
Canada
Canada
Alberta
Canada
Quebec
Quebec
Calgary
Quebec
Alberta
Canada
Alberta
Alberta
Canada
Unow
Alberta
Canada
West
Canada
Turkey
Alberta
US
The
Hill
Canada
Alberta
US
Alberta
Quebec
Canada
Canada
Cuba
Canada
Calgary
Calgary
TEXAS
Ottawa
Canada
Quebec
Canada
Alberta
US
Canada
Ontario
Canada
Canada
Canada
Alberta
Saskatchewan
Alberta
British
Columbia
Canada
Alberta
Energy
East
Canada
Canada
Alberta
Biloxi
CANADA
CANADA
East
Coast
Canada
Energy
East
Canada
Canada
Manitoba
West
Canada
Canada
Unow
Alberta
Canada
Canada
Canada
Alberta
Canada
Alberta
Canada
Alberta
Saskatchewan
Alberta
Edmonton
Quebec
Canada
Alberta
Saskatchewan
Europe
Canada
Canada
Edmonton
Alberta
Quebec
Canada
Socialist
Village
Idiot
Trudeau
Canada
Canada
Canada
Canada
Alberta
Canada
Alberta
Canada
Ottawa
Canada
Canada
Alberta
Alberta
Canada
Canada
Alberta
Canada
Canada
Canada
Alberta
Alberta
Quebec
Canada
Eastern
Canada
Energy
East
Canada
Canada
Energy
East
Montreal
Ottawa
Ontario
Quebec
Quebec
Alberta
Saskatchewan
Canada
Manitoba
Hudson
Bay
....
Churchill
Canada
Ottawa
PRO
QUEBEC
Montreal
Alberta
Canada
Canada
Canada
Alberta
Alberta
Canada
Alberta
Canada
Montreal
Alberta
Ottawa
Alberta
Alberta
Manitoba
Canada
Venezuela
Alberta
Canada
United
States
Alberta
US
Somalia
ROC
Ottawa
Ottawa
Canada
Alberta
Quebec
Ottawa
Ottawa
ROC
Canada
east
-
west
&
amp
;
west
-
east
Ottawa
Alberta
Alberta
Canada
Alberta
Quebec
Alberta
Canada
Alberta
Quebec
Alberta
Quebec
Alberta
Alberta
Alberta
Alberta
Alberta
Canada
Montreal
New
Brunswick
Germany
Dusseldorf
Canada
Canada
Canada
US
Canada
TORONTO
CITY
Devided
Canada
Montreal
Barbados
Canada
Alberta
Quebec
Energy
East
Quebec
Canada
Devided
Canada
Eastern
Canada
Canada
Canada
Energy
East
Atlantic
Canada
Canada
Canada
Alberta
Alberta
New
Brunswick
Haggisman57
Republic
of
Western
Canada
Ottawa
Energy
East
Alberta
Canada
Panama
Canada
Canada
Alberta
Trans
Canada
Canada
Canada
Toronto
City
Hall
Alberta
Alberta
Canada
Alberta
Canada
Alberta
Canada
Alberta
Energy
East
Alberta
Atlantic
Cdn
Canada
Canada
Canada
Canada
Washingto
Las
Vegas
Shooting
Canada
Edmonton
States
Canada
Afghanistan
Canada
Canada
France
Canada
Canada
Sajjin
Canada
Canada
Edmonton
Somalia
Canada
Edmonton
Somalia
Edmonton
Somalia
America
Edmonton
Edmonton
Edmonton
San
Juan
Canada
Edmonton
Mexico
Saudi
Arabia
Vegas
Edmonton
Edmonton
Canada
Canada
Boston
Canada
Edmonton
Toronto
TORONTO
Canada
Las
Vegas
Canada
Las
Vegas
Canada
Canada
Canada
America
Canada
Canada
Canada
Alberta
Canada
Edmonton
Edmonton
Canada
Canada
Canada
America
Canada
Canada
France
Edmonton
Canada
Canada
Europe
US
Canada
Alberta
Canada
Edmonton
Edmonton
Edmonton
Canada
Canada
Canada
Canada
Canada
Canada
Edmonton
Regina
Edmonton
Edmonton
Canada
Toronto
Nathan
Phillips
Square
Canada
Edmonton
Canada
China
Canada
Canada
Germany
France
Canada
Canada
Canada
Canada
Canada
Canada
Canada
Edmonton
Canada
Canada
Edmonton
US
Edmonton
Canada
Edmonton
Edmonton
Canada
Canada
Edmonton
Canada
Edmonton
Ottawa
Quebec
Parliament
Hill
Parliament
Hill
Canada
Quebec
Alberta
Canada
China
Canada
Canada
Oakville
Ontario
Ottawa
Alberta
Saudi
Arabia
Oakville
Town
Hall
Somalia
Canada
Somalia
China
USA
China
Canada
Canada
Canada
Turkey
Throat
Uwill
US
USA
America
Turkey
CALIF
Dakotas
Russia
Moscow
Russia
Middle
East
Vegas
Las
Vegas
California
Las
Vegas
Canada
Las
Vegas
Vegas
Las
Vegas
California
Nambia
Canada
United
States
of
America
Canada
Japan
England
Spain
Australia
Sweden
Iceland
Italy
Israel
Las
Vegas
Las
Vegas
Las
Vegas
Las
Vegas
America
US
Normandy
Normandy
Chicago
Chicago
Las
Vegas
Puerto
Rico
Chicago
Dubai
Middle
East
Dubai
Bubai
Puerto
Rico
San
Juan
Middle
East
Middle
East
US
US
Puerto
Rico
Africa
Germany
South
Africa
Zimbabwe
Angola
Nepal
Charlottesville
North
Korea
OU
Oregon
Oklahoma
Oklahoma
Uganda
Uganda
Hollywood
Hollywood
Hometown
Florida
Orange
Bowl
Florida
US
Queens
NYC
USA
Turkey
Turkey
USA
Mexico
USA
Hollywood
USA
USA
Europe
USA
America
Spain
Spain
Spain
America
America
Little
Havana
Seattle
Syria
Chicago
Mexico
America
Spain
Africa
Sur
America
South
Africa
Rhodesia
South
Africa
South
Africa
Uganda
Kenya
Nigeria
Africa
USA
USSR
USA
Kurdistan
Israel
US
US
Russia
Iran
America
USA
Turkey
US
Isreal
Americas
China
United
States
Viet
Nam
Korea
Iraq
Afghanistan
America
Michigan
Michigan
Michigan
US
Yemen
America
West
Coast
CHINA
CHINA
Las
Vegas
Russia
Michigan
Wisconsin
San
Bernardino
US
Australia
Las
Vegas
Las
Vegas
Vietnam
America
Las
Vegas
Las
Vegas
Puerto
Rico
Oregon
Judea
Samaria
America
Las
Vegas
Flint
New
JFK
Texas
Florida
Texas
London
London
London
London
London
St
UK
UK
Stafford
County
Hospital
London
Mars
Earth
England
ROARS
Earth
UK
UK
UK
Scotland
BorisJohnson
England
Great
Britain
EU
UK
Africa
Catalonia
London
UK
UK
Manila
Manila
Bumzu
Manila
United
Statesis
New
York
Manila
Carats
Manila
MANILA
Yixing
MANILA
Manila
Manila
Asia
Manila
Manila
Manila
Asia
Arena
Manila
Manila
Manila
Manila
Manila
Manila
Manila
Korea
Manila
Manila
MANILA
Manila
Changwon
Palyeong
Dancing
Machine
Wonwoo
MOA
Pasay
City
Manila
MANILA
Manila
Manila
Manila
Manila
MANILA
Philippines
Carats
Philippines
Wannaone
Manila
US
Manila
US
Manila
MANILA
MANILA
Asia
Arena
MANILA
CITY
Japan
Korea
China
Asia
SINGAPORE
Ireland
Britain
IRELAND
Norman
UK
Brussels
UK
Britain
UK
EU
UK
UK
Europe
UK
America
London
Redwood
UK
Britain
Florida
Charlottesville
Oval
Office
Greater
Manchester
Brexit
Britain
China
Beijing
Scotland
UK
Catalonia
UK
Germany
Millennium
Dome
Spain
China
UK
US
Derbyshire
UK
Britain
Britain
Britain
Libya
China
China
Britain
Libya
UK
Crossrail
UK
UK
White
House
Americas
America
Stamford
Brexit
Britain
EU
Manchester
Waterloo
UK
London
UK
Northern
England
Glasgow
Puerto
Rico
UK
Las
Vegas
Catalonia
Baldrick
Venezuela
Catalonia
UK
Catalonia
Rome
Spain
Catalonia
Redwood
UK
Broken
Brexit
Britain
UK
Britain
Britain
UK
Scotland
Britain
Estonia
Scotland
UK
Ireland
EU
Port
Harcourt
Port
Harcourt
UK
UK
Nigeria
Russia
Nigeria
Russia
India
India
Ogun
Ogun
North
Korea
North
Korea
China
Boston
Hollywood
Americas
Mandalay
Bay
America
Italy
Venice
Alabama
White
House
North
Korea
Iran
Iran
North
Korea
Hollywood
America
Hollywood
Las
Vegas
Rosenberg
Texas
Hollywood
San
Juan
Puerto
Rico
Russia
London
West
Haiti
Chicago
Las
Vegas
Manchester
Las
Vegas
Las
Vegas
Las
Vegas
Canada
America
Canada
Europe
Canada
Canada
Edmonton
Canada
Canada
Haiti
San
Juan
San
Juan
Fla
Puerto
Rico
San
Juan
Puerto
Rico
San
Juan
US
Columbus
Paris
Lahore
The
Netherlands
US
Baumärkten
Todesfalls
Tel
Afa
Israel
Israel
Queenstown
New
Zealand
Airport
US
Arizona
Las
Vegas
Ideen
Istanbul
Paris
Hildesheim
Essen
Zeiten
Iran
Iran
Puerto
Rico
Fifth
Avenue
Russia
Kartoffeln
US
US
Europe
Australia
Suburbia
Russia
Michigan
Wisconsin
Australia
United
States
San
Juan
Puerto
Rico
US
America
Nevada
Marseille
Austria
EU
US
EU
US
America
China
Africa
Las
Vegas
Las
Vegas
Chicago
US
Las
Vegas
Iran
Antifa
Germany
Indiana
Las
Vegas
Spain
UK
Germany
India
China
Australia
Nevada
Nevada
Wisconsin
Nevada
Nevada
Nevada
Nevada
Las
Vegas
Spain
Las
Vegas
Hollywood
Japan
America
France
India
Rio
de
Janeiro
Kremlin
Puerto
Rico
Marseille
United
States
Mexico
Atheist
Republic
Barcelona
US
San
Juan
Puerto
Rico
US
Gujarat
Europe
India
Wolf
River
Scenic
Byway
California
Nashville
Las
Vegas
Investigation
Las
Vegas
Nashville
Milwaukee
Las
Vegas
Chicago
Tennessee
Tennessee
Nashville
Las
Vegas
Times
Square
Las
Vegas
Milwaukee
Las
Vegas
LV
Las
Vegas
Mandalay
Bay
Las
Vegas
Hawaii
Edmonton
Marseille
Israel
Fla
America
Oklahoma
Silicon
Valley
California
America
Columbus
US
Hollywood
US
Texas
Gilmer
TX
Los
Angeles
Hollywood
US
Iran
Hollywood
New
York
Seattle
Hollywood
Orlando
San
Bernardino
New
York
America
America
Iran
Israel
Israel
Michigan
California
Chicago
Canada
Venezuela
Hollywood
Wisconsin
Hollywood
US
Hungary
America
Hampton
Hollywood
Russia
Nevada
AZ
Las
Vegas
US
America
White
House
Russia
China
North
Carolina
Hollywood
Chicago
America
America
DC
LA
US
Edmonton
Israel
Israel
Iran
Iran
Iran
Philippines
UK
London
US
Iran
Iran
USA
Iran
Islamic
Republic
of
Iran
US
Las
Vegas
Afghanistan
US
US
France
Germany
NumbersUSA
America
America
America
SanBernardino
Chicago
Auschwitz
Clark
County
Las
Vegas
Aurora
America
Highland
Park
IL
Las
Vegas
LA
Las
Vegas
Las
Vegas
Paris
Las
Vegas
Orlando
US
Las
Vegas
USA
Puerto
Rico
California
US
Catalonia
Europe
Spain
San
Juan
Hawaii
Hawaii
Cleveland
Hollywood
UK
UK
Libya
Las
Vegas
London
Spandau
Ballet
Louisiana
America
Ukraine
Ukraine
Ukraine
Turkey
Kiev
Ukraine
Russia
Saudi
Arabia
Iran
USA
USA
US
Mideast
Russia
China
Syria
Middle
East
Caribbean
Russia
Russia
Azerbaijan
Europe
Syria
Idlib
Moscow
US
Russia
US
Russia
Iraq
Iran
Moscow
Yanılmış
Russia
Iran
Turkey
Turkey
Venezuela
Azerbaijan
Rusiya
US
Maryland
Las
Vegas
Las
Vegas
US
Mandalay
Bay
Las
Vegas
Ukraine
Madrid
Spain
Moscow
Madrid
USA
Russia
Las
Vegas
Russia
Puerto
Rico
Columbus
America
Russia
US
San
Juan
Mayor
Puerto
Rico
America
Wassup
Holland
Turkey
Turkey
America
America
Russia
America
Russia
Ecuador
Russia
Maharashtra
Solapur
Nanded
Gujarat
India
Valley
Ayodhya
Kashmir
Drang
Kozhikode
Congo
Gujarat
China
India
Iran
India
China
Las
Vegas
Las
Vegas
Las
Vegas
California
Delhi
Kerala
Gorakhpur
Gujarat
Metro
Diwali
Delhi
India
New
Zealand
Ghana
USA
Brazil
North
Korea
Colombia
India
Mexico
Iraq
Catalonia
Turkey
US
India
Colombia
India
Delhi
Kerala
Gorakhpur
Gujarat
Kashmir
Ladoor
Godhra
Amethi
Kolkata
Maharashtra
India
Congo
Russia
Egypt
Ukraine
Crimea
Colombia
West
Bengal
Kolkata
China
Maharashtra
Jammu
UK
Gujarat
Colombia
Colombia
Bihar
Pulwama
Jammu
-
Kashmir
Diwali
Gujarat
Diwali
Madras
California
Tripura
Diwali
Kerala
Gujarat
Kerala
Panama
Delhi
Amethi
Gujarat
India
Afghanistan
Pakistan
America
US
India
Afghanistan
Pakistan
Kerala
Kasauli
Litfest
Congo
Colombia
India
UK
India
India
China
Hyderabad
Gujarat
Diwali
Iran
India
Colombia
Paraguay
New
Zealand
USA
Ghana
Mali
Turkey
Nepal
China
UK
Costa
Rica
Guinea
Diwali
UK
Spain
Niger
India
Afghanistan
Pakistan
Bangladesh
Kashmir
India
Afghanistan
Pakistan
Kerala
Kasauli
Litfest
Congo
India
UK
India
India
China
Hyderabad
Chhattisgarh
Ajmer
Alwar
Rajasthan
Bihar
Gujarat
Delhi
Tripura
Kerala
Kerala
Centre
Tamil
Nadu
Jayalalithaa
Amethi
Rajasthan
India
Congo
India
India
Colombia
India
Black
Sea
Russia
Shopian
Parsi
Kerala
Shopian
Bihar
Delhi
Chhattisgarh
Balodabazar
Diwali
Chandigarh
Norway
India
India
India
Raigarh
India
China
Nathu
La
Kolkata
Bhubaneswar
Diwali
India
Delhi
Congo
US
Jammu
US
North
Korea
Delhi
India
Las
Vegas
Pakistan
India
Pakistan
Nepal
India
Rohingya
Zindabad
US
North
Korea
US
Congo
US
Pakistan
US
Gaza
Turkey
India
Russia
Delhi
Gujarat
Karnataka
Gujarat
Delhi
Gujarat
Kerala
Godhra
Arunacahal
Z25u52W0a3In
Delhi
Balochistan
Bengaluru
Kashmir
US
Bihar
Kerala
Australia
Gujarat
Godhra
Jammu
Kashmir
Budgam
Yeddyurappa
Gujarat
Russia
US
Las
Vegas
Ghana
USA
US
Turkey
Mali
Pakistan
US
Panama
Panama
Afghanistan
Bihar
Kerala
Australia
Gujarat
Godhra
Jammu
Kashmir
Budgam
Yeddyurappa
Chhattisgarh
Sabarimala
HC
Kashmir
Sabarimala
Gorakhpur
Gujarat
Kashmir
Kashmir
India
Parsi
Delhi
Kolkata
Srinagar
Kashmir
Pakistan
Gorakhpur
Sobha
China
Aligarh
Ladoora
Diwali
Kerala
North
Korea
Kolkata
Delhi
HC
Delhi
Budgam
Kannur
Delhi
Amethi
Mumbai
Mumbai
Port
Kannur
Bengal
Mumbai
UK
Diwali
Australia
Nepal
Chennai
Japan
Delhi
Diwali
Gujarat
Diwali
Diwali
Delhi
Kerala
Akhila
Gaza
Diwali
Delhi
India
Varanasi
Diwali
Delhi
Gujarat
Kerala
Gujarat
Ahmedabad
Poonch
Godhra
Gujarat
Delhi
Diwali
Godhra
Gujarat
Rome
Rajouri
Turkey
Srinagar
India
Sikkim
India
US
Myanmar
Diwali
Delhi
Gujarat
Godhra
Arunachal
Godhra
Gujarat
Kerala
Amethi
India
India
Metro
Godhra
Mumbai
India
India
India
India
India
Amethi
Amethi
Mali
Turkey
India
Colombia
UK
Virginia
Gulf
Coast
India
Amethi
India
Godhra
Diwali
India
Las
Vegas
Amethi
Bengaluru
China
Gulf
Coast
Alaska
Turkey
Darfur
Sudan
Alaska
Las
Vegas
Turkey
Lucknow
Alaska
White
House
Delhi
Dal
Lake
-
Kashmir
Sudan
Darfur
Mumbai
Airport
India
Lucknow
India
Gujarat
Gujarat
Kannur
Mumbai
Airport
Turkey
Assam
India
Assam
Nepal
Kerala
UAE
Banihal
India
Godhra
Nepal
Kerala
UAE
Banihal
Punjab
Punjab
Gurdaspur
Pathankot
Delhi
Metro
if
Centre
London
New
Zealand
Paraguay
Iraq
Mexico
Japan
Honduras
England
USA
Ghana
France
Guwahati
Germany
Goa
Costa
Rica
India
Colombia
India
Tonga
Congo
Turkey
Congo
Turkey
India
India
Kerala
Haryana
Punjab
Sikkim
Lucknow
Yavatmal
Kerala
Kannur
Australia
Barcelona
Las
Vegas
Greater
Noida
India
Delhi
Metro
Maharashtra
Nathu
La
Kannur
Bali
Tamil
Nadu
Tezpur
Kannur
Haryana
Valley
Delhi
Metro
India
Bengal
Kannur
Kashmir
Syria
Delhi
Gujarat
Kashmir
Hills
North
Bengal
Madhya
Pradesh
Sikkim
Punjab
Vengara
Kashmir
Banihal
India
India
India
Delhi
Nabha
Gujarat
Kashmir
India
Bannerghatta
Biological
Park
New
Caledonia
France
Goa
Raqqa
North
Korea
Chile
England
oECTdXXzHbNorth
Korea
US
Gulf
Coast
London
Turkey
Syria
Barcelona
Ghana
Fazilka
Kashmir
Assam
Sikkim
India
India
India
India
Las
Vegas
India
London
Kerala
US
India
India
US
Catalonia
China
n6lKyhNIFQNew
Zealand
Palestine
Delhi
Bengaluru
Bannerghatta
Biological
Park
Venkateswara
Temple
UAE
India
Kerala
Kerala
Kashmir
India
Vadnagar
Gujarat
Yavatmal
Siddaramaiah
Gujarat
Kerala
Kerala
Australia
Vadnagar
Ranchi
Diwali
Delhi
Gujarat
Gujarat
Afghanistan
United
States
WPn0zF4DEyNorth
Korea
Sudan
Yavatmal
Gujarat
Kerala
Kerala
Australia
Vadnagar
Ranchi
Diwali
Delhi
Hyderabad
Tamil
Nadu
Manipur
Australia
Chennai
Diwali
Nathu
La
Dubai
US
North
Korea
North
Korea
Kedarnath
Pic
Gujarat
Jana
Raksha
Yatra
Delhi
North
Korea
US
US
Jerusalem
Catalonia
Sudan
Mississippi
Roshan
Kangana
Ranaut
Delhi
Ladhuka
Mandi
Delhi
Vadnagar
US
Balochistan
Bengaluru
Bannerghatta
Biological
Park
Gujarat
Hometown
Vadnagar
Jerusalem
Catalonia
Gujarat
Gujarat
Vadnagar
Diwali
Vadnagar
Gujarat
Bihar
Hometown
Vadnagar
China
Sikkim
Delhi
Russia
UK
Buckingham
Palace
Dubai
India
Vadnagar
North
Korea
Australia
Gujarat
Vadnagar
India
Vadnagar
North
Korea
Gujarat
Vadnagar
Gujarat
China
India
Australia
Metro
Air
Canada
India
gHM9AWxlQYNew
Zealand
Gulf
Coast
North
Korea
Australia
North
Korea
Mississippi
River
Turkey
North
Korea
Kaliningrad
Saudi
Royal
Palace
Philadelphia
Kashmir
Kashmir
Madras
Gujarat
Himachal
Zirakpur
Las
Vegas
US
Gulf
Coast
US
Gulf
Coast
Southern
US
Mississippi
US
Catalonia
Bannerghatta
Park
Southern
US
Delhi
US
Gulf
Coast
North
Korea
US
Gulf
Coast
Maharashtra
Vadnagar
US
Kerala
Diwali
Yavatmal
Mississippi
River
Ashoka
Road
North
Korea
India
Catalonia
Argentina
Delhi
Russia
China
Chennai
Himachal
Australia
Maharashtra
Kerala
India
Haj
China
Chennai
Himachal
Australia
Ranchi
Delhi
Rishikesh
Haridwar
Jantar
Mantar
Ganga
Near
Allahabad
Ghaziabad
Kerala
Chennai
India
US
Japan
Gujarat
China
South
Korea
Taiwan
India
Punjab
Gujarat
Diwali
Ahmedabad
Jagraon
Gujarat
Mumbai
Kashmir
Ladakh
Kargil
Sirsa
Panchkula
London
Iraq
Mexico
India
Iran
Guinea
Delhi
North
Korea
US
Iraq
England
Spain
Brazil
US
London
Kashmir
Jammu
Kashmir
Delhi
Panama
India
India
Panama
Himachal
Haryana
Kerala
West
Bengal
Gujarat
Diwali
Himachal
India
Gujarat
Kasauli
Litfe
Pakistan
Germany
Puerto
Rico
London
London
Nathula
India
Kerala
London
India
Gujarat
Aadhaar
Kasauli
Litfe
Australia
Karnataka
Dera
Mumbai
Diwali
India
Gandhinagar
Kerala
Centre
Maharashtra
Punjab
Kashmir
Valley
West
Bengal
Greater
Noida
Greater
Australia
Aadhaar
Karnataka
London
China
Syria
London
London
Australia
Ranchi
Delhi
London
Syria
London
Delhi
Gujarat
London
UK
China
London
New
York
Australia
London
Kashmir
Karnataka
Gujarat
Kashmir
Doklam
-
Nathula
Kulgam
Haryana
Kashmir
Puducherry
Assembly
Gujarat
India
Kashmir
China
US
India
Himalayas
Congo
India
Earth
India
Gujarat
Turkey
India
Africa
Syria
India
Las
Vegas
US
Pakistan
India
China
Spain
London
Gujarat
India
Germany
Costa
Rica
Japan
Brazil
Spain
Iran
Guinea
North
Korea
Niger
Iran
Iraq
Syria
New
Orleans
Catalonia
Kashmir
Valley
Kashmir
US
UK
Hollywood
Mogul
Rajasthan
Kerala
Bihar
Elphinstone
India
Doklam
-
Nathula
India
Metro
Clarivate
Punjab
Gujarat
Gujarat
India
Kerala
Thane
Nashik
Diwali
Rajasthan
Syria
Kerala
Clarivate
Gujarat
Syria
Moscow
Nashik
Kerala
Gujarat
Greenfield
Mandi
Haryana
Dadupur
-
Nalvi
India
Hyderabad
China
Shahdara
EU
Diwali
Ahmedabad
Gujarat
Gujarat
Dwarka
Ramban
Himachal
Pradesh
Kerala
Gujarat
Greenfield
Mandi
Haryana
Dadupur
-
Nalvi
India
Hyderabad
Syria
North
Korea
Myanmar
Diwali
Gujarat
Greenfield
Dera
India
Barcelona
Las
Vegas
India
India
India
Pakistan
Chhattisgarh
Mexico
US
Diwali
Delhi
China
New
Road
Bay
Jammu
Kashmir
Kerala
Naigaon
Gujarat
Jammu
Dev
Bhoomi
Dwarka
Himachal
Pradesh
Chennai
Dwarkadhish
Temple
Gujarat
Gujarat
US
US
Mexico
US
US
Gulf
Coast
US
Gulf
Mexico
Puerto
Rico
China
Russia
Australia
India
Pakistan
Islamabad
US
US
US
Pakistan
Gujarat
Dwarka
Delhi
Shahdara
Gujarat
Delhi
Kashmir
India
Dantewada
Doklam
China
Hyderabad
Muzaffarnagar
Gujarat
Dwarkadheesh
Temple
Pakistan
Gujarat
Kashmir
India
Amethi
New
Orleans
White
House
Japan
Tokyo
Puerto
Rico
Pakistan
Catalonia
Sikkim
Bhutan
Tibet
Pakistan
US
Pakistan
Gujarat
Gujarat
New
York
Subway
Gujarat
Kashmir
India
Amethi
China
US
Mandi
Gujarat
Butcher
Island
Mumbai
Uttar
Pradesh
Pakistan
Gujarat
Kanpur
Panchkula
India
USA
Anantnag
Kerala
India
China
India
Puerto
Rico
India
Las
Vegas
Las
Vegas
US
Iran
India
Sudan
Pakistan
India
Sudan
North
Korea
Las
Vegas
Syria
Iran
Mexico
Chhattisgarh
Mexico
US
America
Saudi
Arabia
Sudan
North
Korea
US
Russia
Kashmir
Pakistan
China
BjUesQSqPlNorth
Korea
North
Korea
Doklam
India
Lashkar
Tayiba
India
Pakistan
Pune
Gandhinagar
Diwali
New
York
Pakistan
India
India
Mexico
Kashmir
Gujarat
Kashmir
Varnika
Gujarat
China
Gujarat
US
Bangladesh
Ahmedabad
Mirror
Saudi
Arabia
US
Central
America
North
Korea
Kolkata
Diwali
Kashmir
Mumbai
Australia
Manipur
Beti
Bachao
Beti
Padhao
Bangladesh
Diwali
Gulf
of
Aden
Jaipur
Doklam
China
Madrid
Paraguay
Mali
Rakhine
Myanmar
India
United
States
of
America
India
USA
India
USA
Turkey
New
Zealand
Ghana
Iran
Guinea
Ghana
Colombia
Gulf
of
Aden
No
Poes
Garden
India
US
India
Jamnagar
Air
Force
Station
Bangladesh
US
Chennai
India
Goa
Andhra
Gujarat
Gujarat
Punjab
Goa
NoVS4vr0muNorth
Korea
Mexico
US
Iran
Jantar
Mantar
India
Bangladesh
Syria
India
Kashmir
Panchkula
Haryana
China
India
India
USA
Hanwara
Bangladesh
Panchkula
Haryana
Panchkula
Haryana
India
Mandi
Kerala
Kannur
Pakistan
Kannur
Amethi
Panchkula
Haryana
Panchkula
Kashmir
Panchkula
Haryana
China
India
Bangladesh
Pakistan
Chennai
India
Panchkula
France
Mumbai
Jaipur
India
Karnataka
US
US
Gulf
of
Aden
Delhi
India
Pakistan
Gujarat
Arunachal
Pradesh
India
Lashkar
Pakistan
India
India
USA
USA
Gulf
of
Aden
Spain
Brazil
India
USA
Mali
Brazil
Brazil
Spain
Amritsar
Lahore
India
North
Korea
Niger
India
Las
Vegas
New
Delhi
USA
India
Kashmir
Gulf
of
Aden
Australia
India
China
Doklam
India
India
US
Carrizo
Suzuki
China
India
USA
Mumbai
India
Arunachal
India
India
US
Carrizo
Singapore
India
US
Sri
Lanka
Bangladesh
Iran
Rakhine
Myanmar
Arunachal
Pradesh
India
Lashkar
America
Australia
Iraq
Baghdad
Gulf
of
Aden
India
Mumbai
Gulf
Of
Aden
Mumbai
Kolkata
Kerala
Australia
India
Australia
Assam
China
Dokalam
Kasauli
SC
Gulf
of
Aden
China
Delhi
Chennai
Bangladesh
China
Gulf
of
Aden
Lok
Sabha
Kerala
Australia
India
Australia
Assam
China
Dokalam
Kasauli
Japan
Gulf
of
Aden
China
Pakistan
India
India
Europe
Spain
India
Gulf
of
Mexico
Arunachal
Pradesh
Doklam
Japan
Malaysia
SC
North
Korea
Russia
Mexico
Spain
Brazil
Mali
Paraguay
Brazil
US
US
Central
America
US
Mexico
Japan
Madrid
Poes
Garden
Chennai
India
Diwali
Sargi
Poes
Garden
Chennai
Russia
Kashmir
India
Arunachal
Pradesh
Tawang
Tamil
Nadu
Tamil
Nadu
Arunachal
Pradesh
Tawang
India
Yamuna
Expressway
Telangana
UK
Russia
Brazil
India
Arunachal
Tawang
India
US
Arunachal
Mumbai
Diwali
India
China
Tamil
Nadu
Arunachal
Pradesh
Tawang
India
Yamuna
Expressway
Telangana
Doklam
India
Arunachal
Tawang
Pakistan
India
Kerala
Karnataka
Tripura
Arunachal
Pradesh
India
Delhi
US
India
India
Arunachal
Tawang
Tamil
Nadu
Arunachal
India
Maharashtra
Mumbai
India
Pakistan
Doklam
India
Korea
Seoul
Central
America
US
Mumbai
Kerala
Potala
Palace
Tibet
Srinagar
Bihar
Haryana
Punjab
Kerala
India
Italy
Jantar
Mantar
India
Sikkim
Doklam
Plateau
Doklam
China
India
India
Assam
Delhi
India
US
US
India
India
US
Chicago
Boston
Colombia
Las
Vegas
North
Korea
US
Australia
Australia
Iran
Haiti
Las
Vegas
Iran
US
US
US
US
Haryana
Las
Vegas
Sudan
UK
Japan
Las
Vegas
Mass
Shooting
US
Las
Vegas
Mass
Shooting
US
India
China
India
Delhi
Dhanoa
Dokalam
China
Pakistan
US
Dhanoa
China
Gujarat
Gujarat
Haryana
HC
India
Doklam
Amethi
Pinarayi
Jantar
Mantar
Delhi
India
Central
America
Yemen
US
Catalonia
Kerala
Honeypreet
Insan
Rampura
EU
China
Kotak
Maharashtra
India
India
Manesar
Dubai
US
Colombia
Ghana
India
London
India
Pakistan
Pakistan
Balochistan
Mexico
Chile
Colombia
Ghana
USA
India
Boston
Chicago
India
Lok
Sabha
India
Delhi
Brazil
Assam
Bihar
Arunachal
Pradesh
Jammu
Jammu
Kerala
India
Doklam
Punjab
Amethi
Iran
Germany
US
Russia
India
Pakistan
Islamabad
Berlin
Pakistan
US
Haiti
India
Ethiopia
Lok
Sabha
Jammu
Jammu
Kerala
India
Central
America
Boston
Chicago
Niger
Mali
India
India
China
Pakistan
Pakistan
Dokalam
India
Boston
Chicago
India
Meghalaya
Punjab
Haryana
Guwahati
India
Haryana
Punjab
Kerala
Delhi
Mumbai
Southeast
Asia
South
East
Asia
Pakistan
China
Afghanistan
Pakistan
US
China
Doklam
India
Brazil
Karachi
Bangladesh
Russia
Pakistan
Pakistan
Hawija
Mumbai
Jhal
Magsi
Balochistan
India
Hollywood
Pakistan
Balochistan
Fanney
Khan
Anushka
Pakistan
Balochistan
Pakistan
Panchkula
Delhi
Jantar
Mantar
India
US
India
Amazon
India
Odisha
Pakistan
Meghalaya
Diwali
Kerala
Delhi
India
India
USA
India
Guwahati
Brazil
Viracopos
India
India
India
Amethi
Bangladesh
Turkey
Iran
Iraq
Iraq
US
UK
Kerala
Janraksha
Yatra
Russia
US
Niger
Afghanistan
Hawija
Istanbul
Iraq
Delhi
Delhi
School
India
Kannur
Mumbai
India
India
Amethi
Kerala
Janraksha
Yatra
Kerala
Bay
of
Bengal
Odisha
Delhi
Bengaluru
Mysuru
Delhi
India
Kerala
India
Odisha
Jammu
Akhnoor
Kerala
Amethi
Haryana
Mumbai
Kashmir
Gujarat
India
Istanbul
Myanmar
Punjab
Kerala
Delhi
Delhi
India
Catalonia
MpxJLN0CYfNorth
Korea
Delhi
Malviya
Nagar
-
India
India
Chumbi
Valley
Assam
Delhi
Hyderabad
Delhi
Mumbai
Lok
Sabha
Kerala
Delhi
Mangaluru
India
Chhattisgarh
Jammu
-
Kashmir
Mizoram
China
Pakistan
Central
African
Republic
Rakhine
Myanmar
Istanbul
Syria
South
Korea
US
Pakistan
Russia
US
Spain
Kerala
India
US
India
Not
Signing
Hague
Convention
Sidharth
Gujarat
India
US
Manesar
India
India
Kashmir
Valley
Amethi
Gujarat
Manesar
Kerala
Jan
Raksha
Yatra
Tamil
Nadu
Delhi
Ujjain
Pakistan
Gujarat
India
Lok
Sabha
Hawija
US
Niger
Pakistan
Gujarat
India
Kashmir
South
East
India
Kashmir
Valley
Kerala
Delhi
India
Kashmir
South
East
India
Kashmir
Valley
Delhi
Manesar
Gujarat
Nevada
Gujarat
Kerala
Sargi
Brunei
Kerala
Manesar
Kerala
Haridwar
Italy
Bihar
Brunei
Brunei
Lok
Sabha
Haryana
London
Delhi
Las
Vegas
Boston
Syria
Santa
Claus
Afghanistan
Pakistan
US
Manesar
Pakistan
United
States
US
Moscow
India
Kerala
Afghanistan
Pakistan
US
India
US
Pakistan
Las
Vegas
Review
Las
Vegas
India
Lok
Sabha
Pakistan
US
Uttar
Pradesh
Jammu
Tamil
Nadu
Las
Vegas
Russia
US
Syria
Rajasthan
Pakistan
Las
Vegas
India
Delhi
Manesar
Sirsa
India
India
Sequoia
India
US
India
Pakistan
India
US
America
Las
Vegas
India
Tamil
Nadu
Cambodia
Myanmar
Moscow
Venezuela
Syria
US
Chikungunya
US
UK
Bangladesh
Las
Vegas
Myanmar
Panchkula
Sukhdeep
UK
Fairfax
India
India
India
Baahubali
Delhi
Airport
US
Las
Vegas
HC
Haryana
Gujarat
Navratri
Gonda
PhHMaK1tc5Kandla
Port
Gujarat
Deendayal
Port
Bhutan
Bangladesh
Amethi
Kerala
Jaipur
Punjab
Bombay
Maharashtra
Kerala
India
Kerala
US
Niger
Italy
India
India
Delhi
Las
Vegas
India
Kerala
Las
Vegas
Pakistan
Rajasthan
Delhi
Ethiopia
Delhi
Italy
India
Maharashtra
Maharashtra
South
Korea
Malegaon
Cambodia
Italy
Lok
Sabha
Brahmapuri
Las
Vegas
England
Cambridge
Mexico
Kolkata
Spain
India
Delhi
Assembly
India
Kerala
Srinagar
Ethiopia
Kashmir
Valley
Uttarakhand
Pune
Ahmedabad
Mizoram
Spain
Pakistan
India
Las
Vegas
Strip
Las
Vegas
Moscow
Russia
Mexico
US
US
Las
Vegas
Syria
Turkey
Pakistan
Poonch
Punjab
Punjab
Punjab
Abohar
Kerala
Muharram
Kashmir
India
Lok
Sabha
India
Bihar
Kashmir
India
Lok
Sabha
India
Bihar
Prakash
Rai
-
Star
of
Mysore
Las
Vegas
Las
Vegas
Khanqah
-
e
-
Moula
Srinagar
Siliguri
Delhi
Ethiopia
Las
Vegas
Kerala
India
Horn
of
Africa
India
Doklam
Las
Vegas
India
Yemen
Bangladesh
India
India
Amethi
Libya
Misrata
Hama
India
England
India
Stansted
India
UK
Orlando
Las
Vegas
Oxford
Turkey
US
India
China
One
Road
North
Korea
India
Helsinki
India
Kashmir
Anushka
Kerala
Libya
Misrata
US
India
Misrata
Lithuania
US
Iran
Kashmir
Kerala
Ranchi
Jammu
US
US
Bhutan
India
Singapore
India
Shaftesbury
Pakistan
India
Pakistan
India
Ireland
Amethi
Kerala
India
Kanpur
Gaya
Punjab
Djibouti
Kashmir
Amethi
Kerala
India
Kanpur
Gaya
Punjab
Djibouti
Kashmir
Azadpur
Metro
India
India
Kanpur
Kerala
Haryana
US
Iran
Myanmar
Gurdaspur
Kanpur
Rajasthan
Pakistan
Kerala
Gujarat
India
Tikamgarh
US
India
Las
Vegas
Shooter
Jammu
Tuscany
Philippines
UK
London
Kandla
Port
India
Delhi
Metro
Diwali
Libya
Asia
Myanmar
Rajasthan
Gujarat
Myanmar
Kandla
Port
Deendayal
Port
Libya
US
Pakistan
India
India
Delhi
US
Philippines
US
Myanmar
Kerala
Srinagar
Bihar
Gujarat
Jhajjhar
Amethi
Tamil
Nadu
Asia
India
Myanmar
India
Srinagar
Bihar
Gujarat
Jhajjhar
Amethi
Tamil
Nadu
Asia
India
Myanmar
India
Gujarat
Kashmir
India
Sidharth
Andhra
Pradesh
Varanasi
Tamil
Nadu
Rajasthan
Madras
Tamil
Nadu
Kandla
Port
Deendayal
Port
Bihar
Pakistan
India
US
Iran
Las
Vegas
Los
Angeles
Philippines
US
Russia
Syria
India
Turkey
India
Poonch
Kerala
India
US
India
HLSSibdfv7Hong
Kong
Asia
India
India
India
Kerala
Diwali
India
US
Kannur
India
India
US
Diwali
Sargi
Kerala
Delhi
US
Assam
Pakistan
Poonch
Kerala
Delhi
Kerala
Amethi
Chhattisgarh
Las
Vegas
Brexit
Puerto
Rico
Oxford
Las
Vegas
US
Las
Vegas
Bihar
Kerala
Jan
Raksha
Yatra
India
Djibouti
India
Y7hpIs4BR3Stephen
Paddock
Las
Vegas
US
India
Dinakaran
Camp
India
Amethi
US
India
US
India
Mathura
Amethi
Vadodara
China
Las
Vegas
India
Islamabad
Haryana
Sri
Lanka
India
Philippines
US
Havana
Philippines
Canada
US
JIEitlGH16North
Korea
US
US
US
Pakistan
US
Las
Vegas
Las
Vegas
Uttar
Pradesh
Amethi
Srinagar
Srinagar
America
Kerala
Kerala
Kerala
Maharashtra
India
NZ
India
Iran
US
India
US
India
India
Pakistan
One
Belt
One
Road
US
India
India
Britain
US
Spain
US
India
India
Pakistan
India
Mexico
Libya
Korea
US
8lGh6SYhTRNorth
Korea
US
Afghanistan
UK
Gujarat
India
Las
Vegas
Shooting
US
Pakistan
US
US
Patna
Baramulla
Mumbai
Assam
Punjab
Tripura
Assam
Pakistan
Bangladesh
Lokayukta
Malayalam
Gujarat
India
Puerto
Rico
US
Kutch
Greater
Noida
US
Delhi
XfVM1kl3LsNorth
Korea
Pakistan
US
Jaipur
Sufi
Srinagar
VimGDDItwqSmruti
Mandir
Yatmal
Chile
Brazil
India
Las
Vegas
Guinea
India
Catalonia
Bathinda
Illingworth
India
Gujarat
Asia
Kumaon
Bathinda
Illingworth
India
Gujarat
Asia
Las
Vegas
Mumbai
Kolkata
Las
Vegas
Patna
New
Bihar
Djibouti
Delhi
Anantnag
Odisha
Malkangiri
District
Puerto
Rico
Delhi
India
North
Korea
Gujarat
GX0gaCcyBAIn
Valley
Haryana
Tripura
Haryana
Bilaspur
Bihar
Iran
US
Las
Vegas
Azadpur
India
Syria
Puerto
Rico
Puerto
Rico
India
Srinagar
Kerala
Andhra
Pradesh
Ghana
Kerala
India
Hyderabad
Bihar
Kerala
Gujarat
Manipur
Ukhrul
India
Kerala
Iraq
Germany
Qatar
Pakistan
Iraq
Hawija
India
US
India
Smruti
Mandir
Delhi
Himachal
Pradesh
Djibouti
US
WashingtonCPN
Nepal
Las
Vegas
India
Myanmar
England
Gaza
Durga
Puja
UK
India
Kerala
Narmada
Gujarat
India
Vododara
Kashmir
Pakistan
Kashmir
Las
Vegas
Punj
Narmada
Gujarat
India
Vododara
Kashmir
Kashmir
Pakistan
Karnataka
India
Gaza
Pakistan
Jammu
Kashmir
Kerala
Poonch
BEFZiy8YvnDid
Las
Vegas
West
Bank
Las
Vegas
US
UK
Damascus
Damascus
Lokayukta
Arunachal
Pradesh
Poonch
Mumbai
Muzaffarpur
Meerut
Srinagar
Madhya
Pradesh
Delhi
London
Gorkhaland
London
Haryana
Srinagar
Allahabad
India
Iraq
Nineveh
Newalta
Las
Vegas
India
India
Kerala
Diwali
UK
Newton
US
Delhi
Karnataka
Kerala
Kochi
Metro
Madhya
Pradesh
UK
India
Kerala
Bihar
Las
Vegas
New
York
Kurdistan
Myanmar
Puerto
Rico
UK
San
Francisco
Kerala
Bengaluru
Bihar
India
Kerala
UK
Kerala
Chandigarh
Rajasthan
Madame
Tussauds
Delhi
Alwar
Las
Vegas
Massacre
Hyderabad
Kerala
Malayalam
India
Myanmar
US
Gaza
Paris
Myanmar
Paris
Andhra
Pradesh
Las
Vegas
Las
Vegas
Puerto
Rico
North
Korea
US
Chandigarh
Russia
US
Australia
Damascus
Hyderabad
Kerala
Pakistan
Bihar
Haryana
Panchkula
Kerala
Kerala
Kannur
Hyderabad
Kerala
Pakistan
Bihar
Haryana
Panchkula
Kerala
Kerala
Kannur
Bilaspur
Himachal
Bay
Kerala
Assam
Africa
Karnataka
Punjab
Maharashtra
India
Karnataka
Jana
Raksha
Yatra
Kerala
Britain
Paris
Gaza
Amethi
Rajarajeswara
Temple
Payyannur
Bilaspur
Gujarat
US
EU
China
India
Mumbai
Sargi
Bandra
US
Karnataka
Hyderabad
Haryana
India
Panchkula
India
India
Haryana
Padmavati
Japan
Tokyo
US
Thailand
Russia
Puerto
Rico
Las
Vegas
Congo
Paris
United
States
Cuba
Rakhine
US
Puerto
Rico
China
US
Bilaspur
Bangladesh
Canada
Las
Vegas
KmtyrVEj8oSrinagar
Airport
Las
Vegas
Shooting
Srinagar
Srinagar
Las
Vegas
Uttar
Pradesh
Hyderabad
India
India
Srinagar
Dubai
Australia
Las
Vegas
Shooting
Hyderabad
Assam
India
New
York
New
Jersey
Las
Vegas
Las
Vegas
Puerto
Rico
Canada
Las
Vegas
Russia
Benghazi
Las
Vegas
Australia
Las
Vegas
India
Jammu
Kashmir
Wardha
Maharashtra
Srinagar
Srinagar
US
US
India
Kashmir
India
Delhi
Brookfield
India
Taiwan
Las
Vegas
India
Las
Vegas
Port
Talbot
Japan
India
Kerala
Srinagar
Las
Vegas
Uttar
Pradesh
Mandalay
Bay
Las
Vegas
Srinagar
Srinagar
Srinagar
Airport
Las
Vegas
Massacre
Thailand
Srinagar
Bihar
Bihar
Kashmir
Meerut
Srinagar
Kashmir
Srinagar
Airport
Russia
Srinagar
Gujarat
Village
Won
Australia
India
India
Las
Vegas
Shooter
Paris
US
Sirsa
India
Maharashtra
Gujarat
Kerala
Brazil
Spain
England
Las
Vegas
Wales
Chile
Kolkata
Las
Vegas
Lu34LfXdQQSri
Lanka
Bangladesh
Brookfield
India
Hyderabad
Diwali
Rajasthan
Gujarat
Jammu
Kashmir
Hyderabad
Diwali
US
Rajasthan
Gujarat
Jammu
Kashmir
India
Nepal
India
Madhya
Pradesh
Chandigarh
Gurdaspur
Gujarat
Las
Vegas
North
Korea
Las
Vegas
Shooting
Kanpur
Uttar
Pradesh
Hyderabad
Jana
Raksha
Yatra
Kerala
North
Korea
US
White
House
Las
Vegas
US
Porbandar
Hyderabad
US
Las
Vegas
New
Delhi
Beijing
Kerala
West
Bengal
Kashmir
Kashmir
Baramulla
Las
Vegas
Delhi
Gujarat
Ajmer
Hyderabad
Lokpal
Awantipora
Damascus
Delhi
Azadpur
Metro
Station
Awantipora
Modis
India
India
Himachal
Pradesh
Las
Vegas
Las
Vegas
Germany
Goa
Aleppo
India
Chennai
Las
Vegas
Gandhi
Library
Gujarat
US
India
Rajasthan
Gandhi
Library
Gujarat
Guwahati
US
India
Rajasthan
Illinois
Guwahati
Las
Vegas
Las
Vegas
Kabaddi
Gorkhaland
Las
Vegas
Aleppo
Midan
US
Spain
Las
Vegas
Chandigarh
Yamuna
Chhattisgarh
Las
Vegas
Las
Vegas
India
Mundra
Australia
Port
Talbot
US
Las
Vegas
Las
Vegas
India
India
Karnataka
Tangdhar
Dantewada
Las
Vegas
Las
Vegas
US
Las
Vegas
Las
Vegas
Las
Vegas
Karnataka
Bangladesh
Kerala
Las
Vegas
Las
Vegas
India
US
US
India
India
India
UK
India
UK
AiSaXpyZXnLas
Vegas
India
Las
Vegas
India
India
Pakistan
Amethi
US
India
Paradip
Bangladesh
Manikantan
Amethi
Las
Vegas
Aditya
Las
Vegas
Aditya
China
US
Raipur
US
India
Mettur
India
China
Amazon
India
Moscow
Qatar
Gulf
Havana
US
Cuba
UK
Amethi
Las
Vegas
Iraq
Kolkata
New
Delhi
Russia
US
Vanuatu
Puerto
Rico
Las
Vegas
US
India
India
Baramulla
Tangdhar
Kaziranga
Haryana
Gujarat
Madhya
Pradesh
Baramulla
Tangdhar
Kaziranga
Haryana
Gujarat
Madhya
Pradesh
Canada
India
Netherlands
Gwalior
Station
Kunal
Kemmu
Bring
Baby
Inaaya
Home
Mandalay
Bay
Casino
UK
Catalonia
Ukraine
Myanmar
Tokyo
Las
Vegas
Japan
UAE
China
Guwahati
Gwalior
Puducherry
Gujarat
Vijay
Ghat
Siachen
China
UAE
Kurdistan
Baghdad
Canada
Las
Vegas
Canada
Boston
Mandalay
Bay
Casino
Las
Vegas
Shooting
Las
Vegas
Las
Vegas
Casino
Mumbai
India
Catalonia
Russia
Iraq
Catalonia
Delhi
Las
VegasPuducherry
India
Uttar
Pradesh
Kaziranga
National
Park
Rajouri
Panaji
Panaji
Kashmir
Kerala
Mandalay
Bay
Casino
Mandalay
Kerala
Las
Vegas
Canada
Mandalay
Bay
India
India
Gujarat
Pakistan
Poonch
Jhajjar
Hyderabad
Kashmir
Catalonia
India
Rajasthan
Mandalay
Bay
Casino
Myanmar
Canada
Canada
Pakistan
Poonch
Pakistan
India
Lucknow
India
Los
Angeles
Gujarat
Jammu
Kashmir
Poonch
Diwali
India
Elphinstone
India
India
India
India
Mandalay
Bay
Catalonia
Spain
Spain
Pakistan
Poonch
Jhajjar
Hyderabad
Kashmir
Catalonia
India
Rajasthan
Amethi
Poonch
Vadodara
Kanpur
Mars
Delhi
Poonch
Spain
Bihar
Bihar
Myanmar
Baghdad
Qatar
Turkey
Paris
Kajol
North
Korea
India
Spain
Bihar
Las
Palmas
India
India
Australia
India
Gurgaon
Delhi
Mumbai
Puerto
Rico
India
Russia
India
North
Korea
Poonch
Rajasthan
India
Myanmar
Bangladesh
Vadodara
Kanpur
India
Poonch
China
Gujarat
Austria
North
Korea
Puerto
Rico
Pakistan
Qatar
Turkey
Gujarat
North
Korea
Pakistan
Qatar
Turkey
Catalonia
Swachhata
Diwali
China
Mizoram
Gujarat
Spain
Catalonia
India
Kochi
Shirdi
West
Bengal
Assam
India
Australia
Gujarat
India
Australia
India
Australia
Muharram
Odisha
Amethi
Australia
India
India
Mars
Mars
North
Korea
India
Australia
Gujarat
India
Australia
India
Australia
Muharram
Odisha
Amethi
Dubhashi
Centre
Madhya
Pradesh
Tripura
Gujarat
China
Gujarat
India
Mumbai
Elphinstone
Road
Delhi
Spain
Assam
Gujarat
India
Mumbai
Gujarat
North
Korea
US
Metro
Diwali
Kashmir
Catalonia
Spain
Andaman
Islands
North
Korea
Puerto
Rico
Marseille
Assam
Andaman
Islands
Tibet
Kerala
Australia
India
Kashmir
Bihar
Gujarat
North
Korea
Dubai
Andaman
Islands
Assam
Andaman
Islands
North
Korea
North
Korea
US
England
New
Zealand
Spain
China
Turkey
Germany
Goa
Chile
India
Assam
Andaman
Islands
Tibet
Kerala
Australia
Bihar
Gujarat
Australia
India
Assam
Kashmir
Kashmir
India
Iran
Syria
Helmand
Myanmar
India
Kashmir
Yemen
Mumbai
Spain
Kashmir
QHcA5fbPRWIndia
Has
Lost
Kashmir
Valley
Gujarat
Marseille
Marseille
India
Odisha
Uttar
Pradesh
Mizoram
Gujarat
China
North
Korea
Iran
Germany
US
Canada
Marseille
Canada
Edmonton
Houthis
US
Israel
North
Korea
Iran
Germany
US
Syria
Germany
Diwali
France
Diwali
Jammu
Kashmir
Rahul
Diwali
China
India
Mars
Myanmar
Korea
India
India
North
Korea
Iran
Germany
India
US
North
Korea
India
Diwali
China
Pakistan
Valley
Gujarat
Gujarat
Diwali
Diwali
Karnataka
Mars
Gujarat
Pakistan
Diwali
West
Bengal
Catalonia
Syria
Syria
India
Australia
UK
Gujarat
Australia
Australia
Japan
Germany
South
Africa
Canada
Kochi
North
Korea
Tibet
Naval
Base
Kochi
Vanuatu
Kamal
Amethi
West
Bengal
Amethi
India
Germany
Catalonia
Catalonia
North
Korea
North
Korea
Germany
Middle
East
South
Asia
India
Australia
UK
Gujarat
Australia
Japan
Germany
South
Africa
Canada
Kochi
Amethi
Amethi
Catalonia
Mars
Catalonia
North
Korea
Manipur
US
Barcelona
Ireland
North
Korea
Catalonia
Nevada
India
Australia
Nagpur
Myanmar
Bangladesh
North
Korea
China
North
Korea
Srinagar
Muharram
India
India
Shirdi
Airport
Mumbai
India
India
Korea
India
Srinagar
Muharram
Kashmir
Rajinikanth
Telangana
Mumbai
Jeddah
Stafford
US
Nangarhar
China
Pakistan
Germany
Nevada
Myanmar
Rakhine
Mumbai
Jeddah
Sea
Patna
Kovind
Inaugurates
Shirdi
Airport
Mumbai
Myanmar
Bangladesh
Ambala
India
Australia
Nagpur
India
China
Australia
India
Australia
India
Australia
Nagpur
Assam
Bihar
Assam
Shirdi
Airport
Myanmar
Bangladesh
Shirdi
Kovind
Inaugurates
Shirdi
Airport
Mumbai
Assam
India
Australia
Nagpur
Bihar
Ireland
India
Kashmir
US
Shirdi
Airport
Mumbai
Chennai
UK
Kashmir
Assam
Shirdi
International
Chennai
Chennai
India
Madrid
India
Germany
Gujarat
France
US
Brazil
UK
Myanmar
France
Spain
Myanmar
Brazil
France
Shirdi
Mumbai
Elphinstone
China
India
India
Delhi
South
China
Sea
India
Port
India
North
Korea
Iran
Venezuela
US
Pakistan
Jammu
Kashmir
Bihar
Kalaburagi
Haryana
China
Beijing
Ravana
Lashkar
Gujarat
China
South
China
Sea
North
Korea
Europe
West
Bengal
Bijoya
Dashami
Puerto
Rico
Iran
Venezuela
Pakistan
India
West
Bengal
Bijoya
Dashami
Pakistan
Parel
Elphinstone
Mumbai
Kerala
Bengal
Punjab
Ghatkopar
San
Juan
Pakistan
Narmada
Bombay
Chennai
Langah
Gujarat
Gorakhpur
US
Chennai
Mumbai
Iraq
Hawija
China
Amid
North
Korea
India
Narmada
Bombay
Chennai
Langah
Gujarat
Gorakhpur
Nicobar
Islands
India
China
Rajouri
Palaniswami
North
Korea
US
North
Korea
Mogadishu
Iran
Iraq
Kurdistan
Puerto
Rico
China
US
Jammu
Region
Telangana
India
India
China
Shahadara
Sharief
India
China
Brazil
Germany
Puerto
Rico
US
South
Africa
Cape
Town
Mumbai
West
Bengal
Gurdaspur
Surat
India
Mumbai
Gujarat
Gujarat
China
South
China
Sea
North
Korea
US
Taiwan
China
Sylt
Pakistan
Ludhiana
India
Pakistan
Jammu
IIM
Bangalore
Kolkata
Ravana
Ravana
Manipur
Gorakhnath
Ayodhya
Karnataka
China
Bihar
San
Juan
Ludhiana
India
Haryana
Kashmir
India
Dusshera
China
US
Sichuan
Congo
India
Arnia
Jammu
Pratham
-
Shyok
Australia
Mumbai
Tamil
Nadu
Kinshasa
Mexico
San
Juan
US
Taiwan
Kerala
Sweden
Jammu
North
Korea
India
Mumbai
Kerala
Bengal
India
China
Tokyo
Japan
India
Britain
Mexico
Puerto
Rico
China
North
Korea
India
Ravana
India
Pakistan
Jammu
Arnia
India
Arnia
Jammu
Pratham
-
Shyok
Australia
Mumbai
Tamil
Nadu
US
North
Korea
Srinagar
Muharram
Kerala
Arnia
Pakistan
Vengara
China
India
North
Korea
Nevada
Pakistan
Catalonia
Idlib
Bhakra
Shimla
Nirmala
Sitharaman
Inaugurates
Strategic
Bridge
Germany
South
Africa
Township
Myanmar
Assam
Bihar
Mumbai
West
Bengal
Ravana
Hyderabad
Punjab
Arnia
Shivaji
India
China
US
Saurashtra
Catalonia
Ghana
iHJmGlYrRSNorth
Korea
Russia
Pakistan
India
Kerala
Mumbai
Arnia
Pakistan
Mumbai
North
Korea
Bangladesh
Chittagong
Siachen
Bihar
China
Goa
North
Korea
California
Afghanistan
China
Syria
Sargi
Diwali
China
North
Korea
North
Korea
Asia
Syria
Mumbai
Rajasthan
Srinagar
Muharram
Bombay
China
India
Kashmir
Vijaya
Dashami
Speech
Mumbai
Elphinstone
India
Asia
Mumbai
Doklam
China
US
Pakistan
Syria
China
Assam
Kashmir
Ravana
Telangana
Germany
Mexico
City
North
Korea
Mumbai
Mumbai
China
India
China
Assam
Kashmir
Ravana
Telangana
Europe
Asia
India
China
oLcEOxSbJcSouth
Korea
US
Mumbai
Elphinstone
Road
Pakistan
Hong
Kong
Singapore
Canada
Britain
India
Mumbai
Delhi
Puerto
Rico
Mumbai
Arunachal
Bihar
Tamil
Nadu
Assam
Meghalaya
Tamil
Nadu
Bihar
Kerala
Mumbai
Brazil
Cuba
Brazil
India
Myanmar
New
Delhi
Mumbai
Khalil
GibranElphinstone
Road
India
Chongqing
China
US
Puerto
Rico
Washington
Russia
0igbNhdk2pNorth
Korea
Spain
Mussoorie
Mumbai
Via
Jagadhri
Cuba
Red
Fort
Delhi
India
Asia
India
India
China
Mars
Delhi
India
Myanmar
India
India
India
Gujarat
Mumbai
Dashanan
Kanpur
Ravana
Pakistan
Dussehra
Red
Fort
Delhi
Tamil
Nadu
Bihar
Elphinstone
Mysuru
Afghanistan
India
Mumbai
Elphinstone
Road
Pakistan
Dussehra
Red
Fort
Delhi
Diwali
India
Washington
Russia
Mumbai
Iowa
Pakistan
Asia
India
Russia
Russia
Russia
US
Petersburg
Russia
Paris
Barcelona
Berlin
Damascus
Smolny
Russia
Russia
America
Puerto
Rico
Virgin
Islands
US
Oval
Office
Charlottesville
United
States
North
Korea
Philando
Castile
Puerto
Rico
Tesla
Puerto
Rico
Las
Vegas
Michigan
Wisconsin
San
Juan
US
Puerto
Rico
Puerto
Rico
Texas
Florida
Las
Vegas
Massacre
Puerto
Rico
Kremlin
Las
Vegas
Russia
Las
Vegas
Silicon
Valley
Puerto
Rico
Michigan
Puerto
Rico
Russia
America
Cuba
Russia
Russia
San
Juan
LA
Washington
DC
Puerto
Rico
US
Puerto
Rico
Florida
Texas
San
Juan
White
House
Russia
Baltimore
US
United
States
US
Times
Square
Syria
Korea
Puerto
Rico
United
States
America
UK
Madrid
USA
US
Poland
Poland
United
States
Spain
Poland